{"cameraMode":{"drawMode":0,"name":"Shaded","section":"Shading Mode"},"sceneLighting":false,"audioPlay":false,"sceneViewState":{"showFog":true,"showMaterialUpdate":false,"showSkybox":false,"showFlares":true,"showImageEffects":true,"showParticleSystems":true},"in2DMode":false,"pivot":{"x":0.0,"y":-4.010000228881836,"z":0.3899998664855957},"rotation":{"x":-0.10031518340110779,"y":-0.019101455807685853,"z":-0.0019579194486141206,"w":0.994795024394989},"size":36.23142623901367,"orthographic":false}