{"cameraMode":{"drawMode":0,"name":"Shaded","section":"Shading Mode"},"sceneLighting":true,"audioPlay":false,"sceneViewState":{"showFog":true,"showMaterialUpdate":false,"showSkybox":false,"showFlares":true,"showImageEffects":true,"showParticleSystems":true},"in2DMode":false,"pivot":{"x":8.689998626708985,"y":3.9254541397094728,"z":-1.3600006103515626},"rotation":{"x":-0.01676110364496708,"y":0.06118805706501007,"z":-0.001317000132985413,"w":-0.9980663061141968},"size":12.988840103149414,"orthographic":false}