{"cameraMode":{"drawMode":0,"name":"Shaded","section":"Shading Mode"},"sceneLighting":false,"audioPlay":false,"sceneViewState":{"showFog":true,"showMaterialUpdate":false,"showSkybox":false,"showFlares":true,"showImageEffects":true,"showParticleSystems":true},"in2DMode":false,"pivot":{"x":0.8890378475189209,"y":0.5407531261444092,"z":-0.7712192535400391},"rotation":{"x":0.1930430382490158,"y":0.7352617383003235,"z":-0.2342984527349472,"w":0.6061998605728149},"size":2.9022700786590578,"orthographic":false}