{"cameraMode":{"drawMode":0,"name":"Shaded","section":"Shading Mode"},"sceneLighting":true,"audioPlay":false,"sceneViewState":{"showFog":true,"showMaterialUpdate":false,"showSkybox":true,"showFlares":true,"showImageEffects":true,"showParticleSystems":true},"in2DMode":false,"pivot":{"x":0.0271148681640625,"y":-5.275596618652344,"z":-11.009622573852539},"rotation":{"x":-0.04900672659277916,"y":-0.9511664509773254,"z":0.20597268640995027,"w":-0.22518223524093629},"size":10.422603607177735,"orthographic":false}