{"cameraMode":{"drawMode":0,"name":"Shaded","section":"Shading Mode"},"sceneLighting":false,"audioPlay":false,"sceneViewState":{"showFog":true,"showMaterialUpdate":false,"showSkybox":false,"showFlares":true,"showImageEffects":true,"showParticleSystems":true},"in2DMode":false,"pivot":{"x":-7.67334508895874,"y":-1.7400377988815308,"z":1.9640932083129883},"rotation":{"x":0.11207965761423111,"y":-0.05781345069408417,"z":0.006480712443590164,"w":0.9920327663421631},"size":7.457611083984375,"orthographic":false}