{"cameraMode":{"drawMode":0,"name":"Shaded","section":"Shading Mode"},"sceneLighting":false,"audioPlay":false,"sceneViewState":{"showFog":true,"showMaterialUpdate":false,"showSkybox":false,"showFlares":true,"showImageEffects":true,"showParticleSystems":true},"in2DMode":false,"pivot":{"x":-7.67334508895874,"y":-1.7400377988815308,"z":1.9640932083129883},"rotation":{"x":0.023994768038392068,"y":0.015288286842405796,"z":-0.0004184015851933509,"w":0.9996318817138672},"size":2.9291560649871828,"orthographic":false}