{"cameraMode":{"drawMode":0,"name":"Shaded","section":"Shading Mode"},"sceneLighting":false,"audioPlay":false,"sceneViewState":{"showFog":true,"showMaterialUpdate":false,"showSkybox":false,"showFlares":true,"showImageEffects":true,"showParticleSystems":true},"in2DMode":false,"pivot":{"x":1.5099999904632569,"y":5.159999847412109,"z":-2.2300000190734865},"rotation":{"x":-0.17007148265838624,"y":0.7287915349006653,"z":-0.19528064131736756,"w":-0.6340774297714233},"size":0.6062177419662476,"orthographic":false}