{"cameraMode":{"drawMode":0,"name":"Shaded","section":"Shading Mode"},"sceneLighting":true,"audioPlay":false,"sceneViewState":{"showFog":true,"showMaterialUpdate":false,"showSkybox":false,"showFlares":true,"showImageEffects":true,"showParticleSystems":true},"in2DMode":false,"pivot":{"x":8.689998626708985,"y":3.9254541397094728,"z":-1.3600006103515626},"rotation":{"x":-0.040796782821416858,"y":-0.025757167488336564,"z":0.0007166114519350231,"w":-0.9989153742790222},"size":0.9819228053092957,"orthographic":false}