{"cameraMode":{"drawMode":0,"name":"Shaded","section":"Shading Mode"},"sceneLighting":false,"audioPlay":false,"sceneViewState":{"showFog":true,"showMaterialUpdate":false,"showSkybox":false,"showFlares":true,"showImageEffects":true,"showParticleSystems":true},"in2DMode":false,"pivot":{"x":2.0409998893737795,"y":0.18599998950958253,"z":2.619999885559082},"rotation":{"x":-0.060817111283540729,"y":-0.05567125603556633,"z":0.0028619703371077778,"w":-0.9967853426933289},"size":1.5949152708053589,"orthographic":false}