{"cameraMode":{"drawMode":0,"name":"Shaded","section":"Shading Mode"},"sceneLighting":true,"audioPlay":false,"sceneViewState":{"showFog":true,"showMaterialUpdate":false,"showSkybox":true,"showFlares":true,"showImageEffects":true,"showParticleSystems":true},"in2DMode":false,"pivot":{"x":4.95985221862793,"y":-0.7727091312408447,"z":2.0348076820373537},"rotation":{"x":0.05696616321802139,"y":0.012277922593057156,"z":-0.0007362120668403804,"w":0.9983372092247009},"size":12.796051979064942,"orthographic":false}