{"cameraMode":{"drawMode":0,"name":"Shaded","section":"Shading Mode"},"sceneLighting":false,"audioPlay":false,"sceneViewState":{"showFog":true,"showMaterialUpdate":false,"showSkybox":false,"showFlares":true,"showImageEffects":true,"showParticleSystems":true},"in2DMode":false,"pivot":{"x":-6.820000171661377,"y":5.050000190734863,"z":-0.23000000417232514},"rotation":{"x":-0.40013498067855837,"y":0.033868007361888888,"z":-0.015495918691158295,"w":-0.9159056544303894},"size":0.3464100956916809,"orthographic":false}