{"cameraMode":{"drawMode":0,"name":"Shaded","section":"Shading Mode"},"sceneLighting":false,"audioPlay":false,"sceneViewState":{"showFog":true,"showMaterialUpdate":false,"showSkybox":false,"showFlares":true,"showImageEffects":true,"showParticleSystems":true},"in2DMode":false,"pivot":{"x":-14.971175193786621,"y":-0.454437255859375,"z":0.6356416344642639},"rotation":{"x":0.07488787174224854,"y":-0.19877907633781434,"z":0.01525924913585186,"w":0.9770846962928772},"size":2.0647599697113039,"orthographic":false}